state,price,timestamp
Vic,81.52,2025-06-24 00:00:00
Vic,76.32,2025-06-24 00:30:00
Vic,80.08,2025-06-24 01:00:00
Vic,84.78,2025-06-24 01:30:00
Vic,75.02,2025-06-24 02:00:00
Vic,68.51,2025-06-24 02:30:00
Vic,69.15,2025-06-24 03:00:00
Vic,67.57,2025-06-24 03:30:00
Vic,67.49,2025-06-24 04:00:00
Vic,63.22,2025-06-24 04:30:00
Vic,67.62,2025-06-24 05:00:00
Vic,71.51,2025-06-24 05:30:00
Vic,71.84,2025-06-24 06:00:00
Vic,77.47,2025-06-24 06:30:00
Vic,79.81,2025-06-24 07:00:00
Vic,75.51,2025-06-24 07:30:00
Vic,77.36,2025-06-24 08:00:00
Vic,72.56,2025-06-24 08:30:00
Vic,76.96,2025-06-24 09:00:00
Vic,76.71,2025-06-24 09:30:00
Vic,75.78,2025-06-24 10:00:00
Vic,72.38,2025-06-24 10:30:00
Vic,78.49,2025-06-24 11:00:00
Vic,77.72,2025-06-24 11:30:00
Vic,75.58,2025-06-24 12:00:00
Vic,73.82,2025-06-24 12:30:00
Vic,76.48,2025-06-24 13:00:00
Vic,78.3,2025-06-24 13:30:00
Vic,80.37,2025-06-24 14:00:00
Vic,82.52,2025-06-24 14:30:00
Vic,93.23,2025-06-24 15:00:00
Vic,91.2,2025-06-24 15:30:00
Vic,88.64,2025-06-24 16:00:00
Vic,84.57,2025-06-24 16:30:00
Vic,87.65,2025-06-24 17:00:00
Vic,93.29,2025-06-24 17:30:00
Vic,92.72,2025-06-24 18:00:00
Vic,88.52,2025-06-24 18:30:00
Vic,84.4,2025-06-24 19:00:00
Vic,87.65,2025-06-24 19:30:00
Vic,91.37,2025-06-24 20:00:00
Vic,94.09,2025-06-24 20:30:00
Vic,90.76,2025-06-24 21:00:00
Vic,91.92,2025-06-24 21:30:00
Vic,92.5,2025-06-24 22:00:00
Vic,93.6,2025-06-24 22:30:00
Vic,97.95,2025-06-24 23:00:00
Vic,99.07,2025-06-24 23:30:00
Vic,102.46,2025-06-25 00:00:00
Vic,102.8,2025-06-25 00:30:00
Vic,104.25,2025-06-25 01:00:00
Vic,107.4,2025-06-25 01:30:00
Vic,100.12,2025-06-25 02:00:00
Vic,98.52,2025-06-25 02:30:00
Vic,96.17,2025-06-25 03:00:00
Vic,92.97,2025-06-25 03:30:00
Vic,91.6,2025-06-25 04:00:00
Vic,99.07,2025-06-25 04:30:00
Vic,94.74,2025-06-25 05:00:00
Vic,99.59,2025-06-25 05:30:00
Vic,91.17,2025-06-25 06:00:00
Vic,89.5,2025-06-25 06:30:00
Vic,90.31,2025-06-25 07:00:00
Vic,93.24,2025-06-25 07:30:00
Vic,96.8,2025-06-25 08:00:00
Vic,100.76,2025-06-25 08:30:00
Vic,99.02,2025-06-25 09:00:00
Vic,96.71,2025-06-25 09:30:00
Vic,101.0,2025-06-25 10:00:00
Vic,100.04,2025-06-25 10:30:00
Vic,93.66,2025-06-25 11:00:00
Vic,88.0,2025-06-25 11:30:00
Vic,83.4,2025-06-25 12:00:00
Vic,85.89,2025-06-25 12:30:00
Vic,86.6,2025-06-25 13:00:00
Vic,90.05,2025-06-25 13:30:00
Vic,87.91,2025-06-25 14:00:00
Vic,88.71,2025-06-25 14:30:00
Vic,91.84,2025-06-25 15:00:00
Vic,90.29,2025-06-25 15:30:00
Vic,92.57,2025-06-25 16:00:00
Vic,89.26,2025-06-25 16:30:00
Vic,87.45,2025-06-25 17:00:00
Vic,85.54,2025-06-25 17:30:00
Vic,79.56,2025-06-25 18:00:00
Vic,81.99,2025-06-25 18:30:00
Vic,79.65,2025-06-25 19:00:00
Vic,79.71,2025-06-25 19:30:00
Vic,82.11,2025-06-25 20:00:00
Vic,84.35,2025-06-25 20:30:00
Vic,87.67,2025-06-25 21:00:00
Vic,87.18,2025-06-25 21:30:00
Vic,85.06,2025-06-25 22:00:00
Vic,84.67,2025-06-25 22:30:00
Vic,76.23,2025-06-25 23:00:00
Vic,68.99,2025-06-25 23:30:00
Vic,62.38,2025-06-26 00:00:00
Vic,57.39,2025-06-26 00:30:00
Vic,59.39,2025-06-26 01:00:00
Vic,54.87,2025-06-26 01:30:00
Vic,52.97,2025-06-26 02:00:00
Vic,59.47,2025-06-26 02:30:00
Vic,57.69,2025-06-26 03:00:00
Vic,61.38,2025-06-26 03:30:00
Vic,56.71,2025-06-26 04:00:00
Vic,55.68,2025-06-26 04:30:00
Vic,50.93,2025-06-26 05:00:00
Vic,49.24,2025-06-26 05:30:00
Vic,53.44,2025-06-26 06:00:00
Vic,44.8,2025-06-26 06:30:00
Vic,46.97,2025-06-26 07:00:00
Vic,48.16,2025-06-26 07:30:00
Vic,45.19,2025-06-26 08:00:00
Vic,37.96,2025-06-26 08:30:00
Vic,38.32,2025-06-26 09:00:00
Vic,35.67,2025-06-26 09:30:00
Vic,36.84,2025-06-26 10:00:00
Vic,36.95,2025-06-26 10:30:00
Vic,44.96,2025-06-26 11:00:00
Vic,43.76,2025-06-26 11:30:00
Vic,38.64,2025-06-26 12:00:00
Vic,39.54,2025-06-26 12:30:00
Vic,40.64,2025-06-26 13:00:00
Vic,47.43,2025-06-26 13:30:00
Vic,51.61,2025-06-26 14:00:00
Vic,53.39,2025-06-26 14:30:00
Vic,60.71,2025-06-26 15:00:00
Vic,54.77,2025-06-26 15:30:00
Vic,51.57,2025-06-26 16:00:00
Vic,46.93,2025-06-26 16:30:00
Vic,44.99,2025-06-26 17:00:00
Vic,38.1,2025-06-26 17:30:00
Vic,41.28,2025-06-26 18:00:00
Vic,40.17,2025-06-26 18:30:00
Vic,32.81,2025-06-26 19:00:00
Vic,27.73,2025-06-26 19:30:00
Vic,29.3,2025-06-26 20:00:00
Vic,33.49,2025-06-26 20:30:00
Vic,43.48,2025-06-26 21:00:00
Vic,58.05,2025-06-26 21:30:00
Vic,60.12,2025-06-26 22:00:00
Vic,55.17,2025-06-26 22:30:00
Vic,44.51,2025-06-26 23:00:00
Vic,45.85,2025-06-26 23:30:00
Vic,41.78,2025-06-27 00:00:00
Vic,39.71,2025-06-27 00:30:00
Vic,36.65,2025-06-27 01:00:00
Vic,35.94,2025-06-27 01:30:00
Vic,41.27,2025-06-27 02:00:00
Vic,42.06,2025-06-27 02:30:00
Vic,41.26,2025-06-27 03:00:00
Vic,36.09,2025-06-27 03:30:00
Vic,27.71,2025-06-27 04:00:00
Vic,25.28,2025-06-27 04:30:00
Vic,25.01,2025-06-27 05:00:00
Vic,33.85,2025-06-27 05:30:00
Vic,34.5,2025-06-27 06:00:00
Vic,39.42,2025-06-27 06:30:00
Vic,36.92,2025-06-27 07:00:00
Vic,31.0,2025-06-27 07:30:00
Vic,26.17,2025-06-27 08:00:00
Vic,22.54,2025-06-27 08:30:00
Vic,33.19,2025-06-27 09:00:00
Vic,29.08,2025-06-27 09:30:00
Vic,33.27,2025-06-27 10:00:00
Vic,28.76,2025-06-27 10:30:00
Vic,33.42,2025-06-27 11:00:00
Vic,35.34,2025-06-27 11:30:00
Vic,34.56,2025-06-27 12:00:00
Vic,34.35,2025-06-27 12:30:00
Vic,31.08,2025-06-27 13:00:00
Vic,33.31,2025-06-27 13:30:00
Vic,31.03,2025-06-27 14:00:00
Vic,24.91,2025-06-27 14:30:00
Vic,18.52,2025-06-27 15:00:00
Vic,19.38,2025-06-27 15:30:00
Vic,27.28,2025-06-27 16:00:00
Vic,28.08,2025-06-27 16:30:00
Vic,27.48,2025-06-27 17:00:00
Vic,28.91,2025-06-27 17:30:00
Vic,35.44,2025-06-27 18:00:00
Vic,36.54,2025-06-27 18:30:00
Vic,34.48,2025-06-27 19:00:00
Vic,40.02,2025-06-27 19:30:00
Vic,42.16,2025-06-27 20:00:00
Vic,49.84,2025-06-27 20:30:00
Vic,50.75,2025-06-27 21:00:00
Vic,44.63,2025-06-27 21:30:00
Vic,37.79,2025-06-27 22:00:00
Vic,46.05,2025-06-27 22:30:00
Vic,54.66,2025-06-27 23:00:00
Vic,53.77,2025-06-27 23:30:00
Vic,51.85,2025-06-28 00:00:00
Vic,59.16,2025-06-28 00:30:00
Vic,53.62,2025-06-28 01:00:00
Vic,49.15,2025-06-28 01:30:00
Vic,52.37,2025-06-28 02:00:00
Vic,50.39,2025-06-28 02:30:00
Vic,50.37,2025-06-28 03:00:00
Vic,49.55,2025-06-28 03:30:00
Vic,51.24,2025-06-28 04:00:00
Vic,58.27,2025-06-28 04:30:00
Vic,58.73,2025-06-28 05:00:00
Vic,61.95,2025-06-28 05:30:00
Vic,51.7,2025-06-28 06:00:00
Vic,51.45,2025-06-28 06:30:00
Vic,47.24,2025-06-28 07:00:00
Vic,41.14,2025-06-28 07:30:00
Vic,36.75,2025-06-28 08:00:00
Vic,35.08,2025-06-28 08:30:00
Vic,39.66,2025-06-28 09:00:00
Vic,33.03,2025-06-28 09:30:00
Vic,33.18,2025-06-28 10:00:00
Vic,30.76,2025-06-28 10:30:00
Vic,29.12,2025-06-28 11:00:00
Vic,34.14,2025-06-28 11:30:00
Vic,36.83,2025-06-28 12:00:00
Vic,43.51,2025-06-28 12:30:00
Vic,42.74,2025-06-28 13:00:00
Vic,39.26,2025-06-28 13:30:00
Vic,38.14,2025-06-28 14:00:00
Vic,39.35,2025-06-28 14:30:00
Vic,40.24,2025-06-28 15:00:00
Vic,34.82,2025-06-28 15:30:00
Vic,35.27,2025-06-28 16:00:00
Vic,36.41,2025-06-28 16:30:00
Vic,49.0,2025-06-28 17:00:00
Vic,58.38,2025-06-28 17:30:00
Vic,54.11,2025-06-28 18:00:00
Vic,52.68,2025-06-28 18:30:00
Vic,45.36,2025-06-28 19:00:00
Vic,42.41,2025-06-28 19:30:00
Vic,43.99,2025-06-28 20:00:00
Vic,50.01,2025-06-28 20:30:00
Vic,46.37,2025-06-28 21:00:00
Vic,43.1,2025-06-28 21:30:00
Vic,32.36,2025-06-28 22:00:00
Vic,31.55,2025-06-28 22:30:00
Vic,26.24,2025-06-28 23:00:00
Vic,23.59,2025-06-28 23:30:00
Vic,19.2,2025-06-29 00:00:00
Vic,18.73,2025-06-29 00:30:00
Vic,9.94,2025-06-29 01:00:00
Vic,2.61,2025-06-29 01:30:00
Vic,13.26,2025-06-29 02:00:00
Vic,6.82,2025-06-29 02:30:00
Vic,1.33,2025-06-29 03:00:00
Vic,10.52,2025-06-29 03:30:00
Vic,25.04,2025-06-29 04:00:00
Vic,19.19,2025-06-29 04:30:00
Vic,17.35,2025-06-29 05:00:00
Vic,19.05,2025-06-29 05:30:00
Vic,27.7,2025-06-29 06:00:00
Vic,22.76,2025-06-29 06:30:00
Vic,21.54,2025-06-29 07:00:00
Vic,25.42,2025-06-29 07:30:00
Vic,27.6,2025-06-29 08:00:00
Vic,25.72,2025-06-29 08:30:00
Vic,25.05,2025-06-29 09:00:00
Vic,18.17,2025-06-29 09:30:00
Vic,16.98,2025-06-29 10:00:00
Vic,15.65,2025-06-29 10:30:00
Vic,16.81,2025-06-29 11:00:00
Vic,14.03,2025-06-29 11:30:00
Vic,16.39,2025-06-29 12:00:00
Vic,21.46,2025-06-29 12:30:00
Vic,22.23,2025-06-29 13:00:00
Vic,23.99,2025-06-29 13:30:00
Vic,24.26,2025-06-29 14:00:00
Vic,24.26,2025-06-29 14:30:00
Vic,20.65,2025-06-29 15:00:00
Vic,22.23,2025-06-29 15:30:00
Vic,21.75,2025-06-29 16:00:00
Vic,32.21,2025-06-29 16:30:00
Vic,40.08,2025-06-29 17:00:00
Vic,42.01,2025-06-29 17:30:00
Vic,38.19,2025-06-29 18:00:00
Vic,32.63,2025-06-29 18:30:00
Vic,38.59,2025-06-29 19:00:00
Vic,39.9,2025-06-29 19:30:00
Vic,42.3,2025-06-29 20:00:00
Vic,33.58,2025-06-29 20:30:00
Vic,38.21,2025-06-29 21:00:00
Vic,40.49,2025-06-29 21:30:00
Vic,34.93,2025-06-29 22:00:00
Vic,32.58,2025-06-29 22:30:00
Vic,33.9,2025-06-29 23:00:00
Vic,34.16,2025-06-29 23:30:00
Vic,32.7,2025-06-30 00:00:00
Vic,32.18,2025-06-30 00:30:00
Vic,30.92,2025-06-30 01:00:00
Vic,31.68,2025-06-30 01:30:00
Vic,39.04,2025-06-30 02:00:00
Vic,26.21,2025-06-30 02:30:00
Vic,25.02,2025-06-30 03:00:00
Vic,25.9,2025-06-30 03:30:00
Vic,27.38,2025-06-30 04:00:00
Vic,25.53,2025-06-30 04:30:00
Vic,16.74,2025-06-30 05:00:00
Vic,18.38,2025-06-30 05:30:00
Vic,27.02,2025-06-30 06:00:00
Vic,19.35,2025-06-30 06:30:00
Vic,23.67,2025-06-30 07:00:00
Vic,22.03,2025-06-30 07:30:00
Vic,21.72,2025-06-30 08:00:00
Vic,16.45,2025-06-30 08:30:00
Vic,14.78,2025-06-30 09:00:00
Vic,21.28,2025-06-30 09:30:00
Vic,24.2,2025-06-30 10:00:00
Vic,32.86,2025-06-30 10:30:00
Vic,38.74,2025-06-30 11:00:00
Vic,40.94,2025-06-30 11:30:00
Vic,49.66,2025-06-30 12:00:00
Vic,51.85,2025-06-30 12:30:00
Vic,55.99,2025-06-30 13:00:00
Vic,54.51,2025-06-30 13:30:00
Vic,54.84,2025-06-30 14:00:00
Vic,51.36,2025-06-30 14:30:00
Vic,56.31,2025-06-30 15:00:00
Vic,50.41,2025-06-30 15:30:00
Vic,54.33,2025-06-30 16:00:00
Vic,53.37,2025-06-30 16:30:00
Vic,59.23,2025-06-30 17:00:00
Vic,62.98,2025-06-30 17:30:00
Vic,72.09,2025-06-30 18:00:00
Vic,75.74,2025-06-30 18:30:00
Vic,67.88,2025-06-30 19:00:00
Vic,67.54,2025-06-30 19:30:00
Vic,61.68,2025-06-30 20:00:00
Vic,59.09,2025-06-30 20:30:00
Vic,66.65,2025-06-30 21:00:00
Vic,69.84,2025-06-30 21:30:00
Vic,66.34,2025-06-30 22:00:00
Vic,61.27,2025-06-30 22:30:00
Vic,61.44,2025-06-30 23:00:00
Vic,55.35,2025-06-30 23:30:00
NSW,93.29,2025-06-24 00:00:00
NSW,96.41,2025-06-24 00:30:00
NSW,107.96,2025-06-24 01:00:00
NSW,114.05,2025-06-24 01:30:00
NSW,91.14,2025-06-24 02:00:00
NSW,94.18,2025-06-24 02:30:00
NSW,94.9,2025-06-24 03:00:00
NSW,99.04,2025-06-24 03:30:00
NSW,115.2,2025-06-24 04:00:00
NSW,94.57,2025-06-24 04:30:00
NSW,88.66,2025-06-24 05:00:00
NSW,94.57,2025-06-24 05:30:00
NSW,78.75,2025-06-24 06:00:00
NSW,93.51,2025-06-24 06:30:00
NSW,97.19,2025-06-24 07:00:00
NSW,105.66,2025-06-24 07:30:00
NSW,99.95,2025-06-24 08:00:00
NSW,108.09,2025-06-24 08:30:00
NSW,118.77,2025-06-24 09:00:00
NSW,121.1,2025-06-24 09:30:00
NSW,123.45,2025-06-24 10:00:00
NSW,126.15,2025-06-24 10:30:00
NSW,117.52,2025-06-24 11:00:00
NSW,116.04,2025-06-24 11:30:00
NSW,114.52,2025-06-24 12:00:00
NSW,118.35,2025-06-24 12:30:00
NSW,128.35,2025-06-24 13:00:00
NSW,117.76,2025-06-24 13:30:00
NSW,116.51,2025-06-24 14:00:00
NSW,131.33,2025-06-24 14:30:00
NSW,123.89,2025-06-24 15:00:00
NSW,115.67,2025-06-24 15:30:00
NSW,117.69,2025-06-24 16:00:00
NSW,126.14,2025-06-24 16:30:00
NSW,126.25,2025-06-24 17:00:00
NSW,139.54,2025-06-24 17:30:00
NSW,148.11,2025-06-24 18:00:00
NSW,156.53,2025-06-24 18:30:00
NSW,162.07,2025-06-24 19:00:00
NSW,185.34,2025-06-24 19:30:00
NSW,183.29,2025-06-24 20:00:00
NSW,163.26,2025-06-24 20:30:00
NSW,179.3,2025-06-24 21:00:00
NSW,174.72,2025-06-24 21:30:00
NSW,175.8,2025-06-24 22:00:00
NSW,188.9,2025-06-24 22:30:00
NSW,172.87,2025-06-24 23:00:00
NSW,160.36,2025-06-24 23:30:00
NSW,144.34,2025-06-25 00:00:00
NSW,136.4,2025-06-25 00:30:00
NSW,140.8,2025-06-25 01:00:00
NSW,146.04,2025-06-25 01:30:00
NSW,148.8,2025-06-25 02:00:00
NSW,134.68,2025-06-25 02:30:00
NSW,111.57,2025-06-25 03:00:00
NSW,112.12,2025-06-25 03:30:00
NSW,107.4,2025-06-25 04:00:00
NSW,111.99,2025-06-25 04:30:00
NSW,119.01,2025-06-25 05:00:00
NSW,120.4,2025-06-25 05:30:00
NSW,128.0,2025-06-25 06:00:00
NSW,130.29,2025-06-25 06:30:00
NSW,135.59,2025-06-25 07:00:00
NSW,128.54,2025-06-25 07:30:00
NSW,126.75,2025-06-25 08:00:00
NSW,128.72,2025-06-25 08:30:00
NSW,136.92,2025-06-25 09:00:00
NSW,132.98,2025-06-25 09:30:00
NSW,138.2,2025-06-25 10:00:00
NSW,135.54,2025-06-25 10:30:00
NSW,134.36,2025-06-25 11:00:00
NSW,142.66,2025-06-25 11:30:00
NSW,122.73,2025-06-25 12:00:00
NSW,109.76,2025-06-25 12:30:00
NSW,94.94,2025-06-25 13:00:00
NSW,71.6,2025-06-25 13:30:00
NSW,64.82,2025-06-25 14:00:00
NSW,72.31,2025-06-25 14:30:00
NSW,69.47,2025-06-25 15:00:00
NSW,71.44,2025-06-25 15:30:00
NSW,82.34,2025-06-25 16:00:00
NSW,95.61,2025-06-25 16:30:00
NSW,94.92,2025-06-25 17:00:00
NSW,108.46,2025-06-25 17:30:00
NSW,109.38,2025-06-25 18:00:00
NSW,101.0,2025-06-25 18:30:00
NSW,95.06,2025-06-25 19:00:00
NSW,80.26,2025-06-25 19:30:00
NSW,71.37,2025-06-25 20:00:00
NSW,67.79,2025-06-25 20:30:00
NSW,75.83,2025-06-25 21:00:00
NSW,93.04,2025-06-25 21:30:00
NSW,79.22,2025-06-25 22:00:00
NSW,83.14,2025-06-25 22:30:00
NSW,72.74,2025-06-25 23:00:00
NSW,77.49,2025-06-25 23:30:00
NSW,76.17,2025-06-26 00:00:00
NSW,57.87,2025-06-26 00:30:00
NSW,67.15,2025-06-26 01:00:00
NSW,61.1,2025-06-26 01:30:00
NSW,55.76,2025-06-26 02:00:00
NSW,45.06,2025-06-26 02:30:00
NSW,38.52,2025-06-26 03:00:00
NSW,42.8,2025-06-26 03:30:00
NSW,40.91,2025-06-26 04:00:00
NSW,44.19,2025-06-26 04:30:00
NSW,47.81,2025-06-26 05:00:00
NSW,61.02,2025-06-26 05:30:00
NSW,57.59,2025-06-26 06:00:00
NSW,42.82,2025-06-26 06:30:00
NSW,53.49,2025-06-26 07:00:00
NSW,50.18,2025-06-26 07:30:00
NSW,61.32,2025-06-26 08:00:00
NSW,65.16,2025-06-26 08:30:00
NSW,63.85,2025-06-26 09:00:00
NSW,67.33,2025-06-26 09:30:00
NSW,86.85,2025-06-26 10:00:00
NSW,107.61,2025-06-26 10:30:00
NSW,108.31,2025-06-26 11:00:00
NSW,109.91,2025-06-26 11:30:00
NSW,120.67,2025-06-26 12:00:00
NSW,112.22,2025-06-26 12:30:00
NSW,115.55,2025-06-26 13:00:00
NSW,115.29,2025-06-26 13:30:00
NSW,118.43,2025-06-26 14:00:00
NSW,110.09,2025-06-26 14:30:00
NSW,94.2,2025-06-26 15:00:00
NSW,73.47,2025-06-26 15:30:00
NSW,62.29,2025-06-26 16:00:00
NSW,57.71,2025-06-26 16:30:00
NSW,54.78,2025-06-26 17:00:00
NSW,74.15,2025-06-26 17:30:00
NSW,85.21,2025-06-26 18:00:00
NSW,75.59,2025-06-26 18:30:00
NSW,79.06,2025-06-26 19:00:00
NSW,74.99,2025-06-26 19:30:00
NSW,72.15,2025-06-26 20:00:00
NSW,74.0,2025-06-26 20:30:00
NSW,80.19,2025-06-26 21:00:00
NSW,76.8,2025-06-26 21:30:00
NSW,87.44,2025-06-26 22:00:00
NSW,76.02,2025-06-26 22:30:00
NSW,76.08,2025-06-26 23:00:00
NSW,102.06,2025-06-26 23:30:00
NSW,104.29,2025-06-27 00:00:00
NSW,118.62,2025-06-27 00:30:00
NSW,119.54,2025-06-27 01:00:00
NSW,125.35,2025-06-27 01:30:00
NSW,124.78,2025-06-27 02:00:00
NSW,123.08,2025-06-27 02:30:00
NSW,115.28,2025-06-27 03:00:00
NSW,119.58,2025-06-27 03:30:00
NSW,111.07,2025-06-27 04:00:00
NSW,117.72,2025-06-27 04:30:00
NSW,128.58,2025-06-27 05:00:00
NSW,132.24,2025-06-27 05:30:00
NSW,129.38,2025-06-27 06:00:00
NSW,133.92,2025-06-27 06:30:00
NSW,130.83,2025-06-27 07:00:00
NSW,140.19,2025-06-27 07:30:00
NSW,121.87,2025-06-27 08:00:00
NSW,118.52,2025-06-27 08:30:00
NSW,98.61,2025-06-27 09:00:00
NSW,83.66,2025-06-27 09:30:00
NSW,97.3,2025-06-27 10:00:00
NSW,106.25,2025-06-27 10:30:00
NSW,99.06,2025-06-27 11:00:00
NSW,84.03,2025-06-27 11:30:00
NSW,54.38,2025-06-27 12:00:00
NSW,48.95,2025-06-27 12:30:00
NSW,73.15,2025-06-27 13:00:00
NSW,77.5,2025-06-27 13:30:00
NSW,71.91,2025-06-27 14:00:00
NSW,76.56,2025-06-27 14:30:00
NSW,60.95,2025-06-27 15:00:00
NSW,57.97,2025-06-27 15:30:00
NSW,58.97,2025-06-27 16:00:00
NSW,58.11,2025-06-27 16:30:00
NSW,66.02,2025-06-27 17:00:00
NSW,69.46,2025-06-27 17:30:00
NSW,76.15,2025-06-27 18:00:00
NSW,69.26,2025-06-27 18:30:00
NSW,78.24,2025-06-27 19:00:00
NSW,94.53,2025-06-27 19:30:00
NSW,84.83,2025-06-27 20:00:00
NSW,75.95,2025-06-27 20:30:00
NSW,89.31,2025-06-27 21:00:00
NSW,87.4,2025-06-27 21:30:00
NSW,101.43,2025-06-27 22:00:00
NSW,97.01,2025-06-27 22:30:00
NSW,111.56,2025-06-27 23:00:00
NSW,112.87,2025-06-27 23:30:00
NSW,115.46,2025-06-28 00:00:00
NSW,131.1,2025-06-28 00:30:00
NSW,127.49,2025-06-28 01:00:00
NSW,118.07,2025-06-28 01:30:00
NSW,113.59,2025-06-28 02:00:00
NSW,118.11,2025-06-28 02:30:00
NSW,102.46,2025-06-28 03:00:00
NSW,108.83,2025-06-28 03:30:00
NSW,103.44,2025-06-28 04:00:00
NSW,114.92,2025-06-28 04:30:00
NSW,90.98,2025-06-28 05:00:00
NSW,83.11,2025-06-28 05:30:00
NSW,66.25,2025-06-28 06:00:00
NSW,57.98,2025-06-28 06:30:00
NSW,60.46,2025-06-28 07:00:00
NSW,58.67,2025-06-28 07:30:00
NSW,56.14,2025-06-28 08:00:00
NSW,54.54,2025-06-28 08:30:00
NSW,56.58,2025-06-28 09:00:00
NSW,46.49,2025-06-28 09:30:00
NSW,53.56,2025-06-28 10:00:00
NSW,60.19,2025-06-28 10:30:00
NSW,64.04,2025-06-28 11:00:00
NSW,69.6,2025-06-28 11:30:00
NSW,72.57,2025-06-28 12:00:00
NSW,92.92,2025-06-28 12:30:00
NSW,92.05,2025-06-28 13:00:00
NSW,88.98,2025-06-28 13:30:00
NSW,81.44,2025-06-28 14:00:00
NSW,71.12,2025-06-28 14:30:00
NSW,58.67,2025-06-28 15:00:00
NSW,49.79,2025-06-28 15:30:00
NSW,49.08,2025-06-28 16:00:00
NSW,52.42,2025-06-28 16:30:00
NSW,52.93,2025-06-28 17:00:00
NSW,45.28,2025-06-28 17:30:00
NSW,54.28,2025-06-28 18:00:00
NSW,61.67,2025-06-28 18:30:00
NSW,60.08,2025-06-28 19:00:00
NSW,53.55,2025-06-28 19:30:00
NSW,59.03,2025-06-28 20:00:00
NSW,60.91,2025-06-28 20:30:00
NSW,46.43,2025-06-28 21:00:00
NSW,45.75,2025-06-28 21:30:00
NSW,48.37,2025-06-28 22:00:00
NSW,39.37,2025-06-28 22:30:00
NSW,41.27,2025-06-28 23:00:00
NSW,26.72,2025-06-28 23:30:00
NSW,40.09,2025-06-29 00:00:00
NSW,52.57,2025-06-29 00:30:00
NSW,50.04,2025-06-29 01:00:00
NSW,53.68,2025-06-29 01:30:00
NSW,29.58,2025-06-29 02:00:00
NSW,18.01,2025-06-29 02:30:00
NSW,15.08,2025-06-29 03:00:00
NSW,4.35,2025-06-29 03:30:00
NSW,11.5,2025-06-29 04:00:00
NSW,31.47,2025-06-29 04:30:00
NSW,19.7,2025-06-29 05:00:00
NSW,11.33,2025-06-29 05:30:00
NSW,13.68,2025-06-29 06:00:00
NSW,29.8,2025-06-29 06:30:00
NSW,17.57,2025-06-29 07:00:00
NSW,20.06,2025-06-29 07:30:00
NSW,38.28,2025-06-29 08:00:00
NSW,21.76,2025-06-29 08:30:00
NSW,8.95,2025-06-29 09:00:00
NSW,4.71,2025-06-29 09:30:00
NSW,-0.5,2025-06-29 10:00:00
NSW,7.63,2025-06-29 10:30:00
NSW,10.05,2025-06-29 11:00:00
NSW,-7.7,2025-06-29 11:30:00
NSW,-2.55,2025-06-29 12:00:00
NSW,-8.32,2025-06-29 12:30:00
NSW,4.42,2025-06-29 13:00:00
NSW,-1.85,2025-06-29 13:30:00
NSW,-8.22,2025-06-29 14:00:00
NSW,-2.81,2025-06-29 14:30:00
NSW,4.82,2025-06-29 15:00:00
NSW,9.3,2025-06-29 15:30:00
NSW,-7.56,2025-06-29 16:00:00
NSW,-2.18,2025-06-29 16:30:00
NSW,-12.52,2025-06-29 17:00:00
NSW,-10.17,2025-06-29 17:30:00
NSW,-24.4,2025-06-29 18:00:00
NSW,-19.94,2025-06-29 18:30:00
NSW,-28.01,2025-06-29 19:00:00
NSW,-40.83,2025-06-29 19:30:00
NSW,-33.69,2025-06-29 20:00:00
NSW,-31.28,2025-06-29 20:30:00
NSW,-37.42,2025-06-29 21:00:00
NSW,-22.91,2025-06-29 21:30:00
NSW,-27.31,2025-06-29 22:00:00
NSW,-26.99,2025-06-29 22:30:00
NSW,-24.3,2025-06-29 23:00:00
NSW,-30.5,2025-06-29 23:30:00
NSW,-25.79,2025-06-30 00:00:00
NSW,-31.12,2025-06-30 00:30:00
NSW,-35.24,2025-06-30 01:00:00
NSW,-21.61,2025-06-30 01:30:00
NSW,-32.02,2025-06-30 02:00:00
NSW,-56.14,2025-06-30 02:30:00
NSW,-40.04,2025-06-30 03:00:00
NSW,-14.54,2025-06-30 03:30:00
NSW,-18.59,2025-06-30 04:00:00
NSW,-37.96,2025-06-30 04:30:00
NSW,-41.07,2025-06-30 05:00:00
NSW,-43.93,2025-06-30 05:30:00
NSW,-45.83,2025-06-30 06:00:00
NSW,-56.96,2025-06-30 06:30:00
NSW,-51.17,2025-06-30 07:00:00
NSW,-45.92,2025-06-30 07:30:00
NSW,-60.87,2025-06-30 08:00:00
NSW,-53.87,2025-06-30 08:30:00
NSW,-33.35,2025-06-30 09:00:00
NSW,-31.63,2025-06-30 09:30:00
NSW,-35.0,2025-06-30 10:00:00
NSW,-36.42,2025-06-30 10:30:00
NSW,-30.27,2025-06-30 11:00:00
NSW,-47.58,2025-06-30 11:30:00
NSW,-45.93,2025-06-30 12:00:00
NSW,-49.84,2025-06-30 12:30:00
NSW,-31.36,2025-06-30 13:00:00
NSW,-33.1,2025-06-30 13:30:00
NSW,-16.42,2025-06-30 14:00:00
NSW,-27.46,2025-06-30 14:30:00
NSW,-21.59,2025-06-30 15:00:00
NSW,-18.39,2025-06-30 15:30:00
NSW,-27.08,2025-06-30 16:00:00
NSW,-25.31,2025-06-30 16:30:00
NSW,-13.18,2025-06-30 17:00:00
NSW,-16.42,2025-06-30 17:30:00
NSW,-33.34,2025-06-30 18:00:00
NSW,-33.52,2025-06-30 18:30:00
NSW,-42.54,2025-06-30 19:00:00
NSW,-45.96,2025-06-30 19:30:00
NSW,-46.78,2025-06-30 20:00:00
NSW,-63.84,2025-06-30 20:30:00
NSW,-79.99,2025-06-30 21:00:00
NSW,-75.17,2025-06-30 21:30:00
NSW,-80.4,2025-06-30 22:00:00
NSW,-106.05,2025-06-30 22:30:00
NSW,-98.2,2025-06-30 23:00:00
NSW,-95.47,2025-06-30 23:30:00
QLD,79.29,2025-06-24 00:00:00
QLD,59.54,2025-06-24 00:30:00
QLD,72.08,2025-06-24 01:00:00
QLD,77.32,2025-06-24 01:30:00
QLD,113.06,2025-06-24 02:00:00
QLD,119.36,2025-06-24 02:30:00
QLD,125.17,2025-06-24 03:00:00
QLD,122.67,2025-06-24 03:30:00
QLD,134.92,2025-06-24 04:00:00
QLD,144.3,2025-06-24 04:30:00
QLD,163.07,2025-06-24 05:00:00
QLD,155.25,2025-06-24 05:30:00
QLD,148.72,2025-06-24 06:00:00
QLD,141.54,2025-06-24 06:30:00
QLD,153.4,2025-06-24 07:00:00
QLD,175.87,2025-06-24 07:30:00
QLD,168.99,2025-06-24 08:00:00
QLD,162.62,2025-06-24 08:30:00
QLD,167.33,2025-06-24 09:00:00
QLD,163.64,2025-06-24 09:30:00
QLD,177.93,2025-06-24 10:00:00
QLD,144.15,2025-06-24 10:30:00
QLD,131.75,2025-06-24 11:00:00
QLD,120.01,2025-06-24 11:30:00
QLD,85.21,2025-06-24 12:00:00
QLD,70.75,2025-06-24 12:30:00
QLD,57.02,2025-06-24 13:00:00
QLD,54.01,2025-06-24 13:30:00
QLD,70.7,2025-06-24 14:00:00
QLD,67.03,2025-06-24 14:30:00
QLD,51.56,2025-06-24 15:00:00
QLD,50.71,2025-06-24 15:30:00
QLD,66.45,2025-06-24 16:00:00
QLD,51.81,2025-06-24 16:30:00
QLD,38.15,2025-06-24 17:00:00
QLD,46.53,2025-06-24 17:30:00
QLD,43.21,2025-06-24 18:00:00
QLD,52.92,2025-06-24 18:30:00
QLD,52.71,2025-06-24 19:00:00
QLD,63.24,2025-06-24 19:30:00
QLD,47.71,2025-06-24 20:00:00
QLD,47.53,2025-06-24 20:30:00
QLD,44.37,2025-06-24 21:00:00
QLD,26.13,2025-06-24 21:30:00
QLD,2.68,2025-06-24 22:00:00
QLD,12.97,2025-06-24 22:30:00
QLD,7.7,2025-06-24 23:00:00
QLD,-7.63,2025-06-24 23:30:00
QLD,-9.08,2025-06-25 00:00:00
QLD,7.84,2025-06-25 00:30:00
QLD,-26.37,2025-06-25 01:00:00
QLD,-48.82,2025-06-25 01:30:00
QLD,-62.66,2025-06-25 02:00:00
QLD,-40.74,2025-06-25 02:30:00
QLD,-36.5,2025-06-25 03:00:00
QLD,-24.99,2025-06-25 03:30:00
QLD,-42.1,2025-06-25 04:00:00
QLD,-58.89,2025-06-25 04:30:00
QLD,-52.17,2025-06-25 05:00:00
QLD,-51.3,2025-06-25 05:30:00
QLD,-43.07,2025-06-25 06:00:00
QLD,-45.88,2025-06-25 06:30:00
QLD,-41.71,2025-06-25 07:00:00
QLD,-39.34,2025-06-25 07:30:00
QLD,-27.67,2025-06-25 08:00:00
QLD,-15.57,2025-06-25 08:30:00
QLD,-39.86,2025-06-25 09:00:00
QLD,-73.57,2025-06-25 09:30:00
QLD,-58.55,2025-06-25 10:00:00
QLD,-40.73,2025-06-25 10:30:00
QLD,-56.04,2025-06-25 11:00:00
QLD,-83.94,2025-06-25 11:30:00
QLD,-82.45,2025-06-25 12:00:00
QLD,-68.49,2025-06-25 12:30:00
QLD,-41.53,2025-06-25 13:00:00
QLD,-33.78,2025-06-25 13:30:00
QLD,-39.36,2025-06-25 14:00:00
QLD,-52.75,2025-06-25 14:30:00
QLD,-52.58,2025-06-25 15:00:00
QLD,-57.07,2025-06-25 15:30:00
QLD,-72.3,2025-06-25 16:00:00
QLD,-41.57,2025-06-25 16:30:00
QLD,-14.79,2025-06-25 17:00:00
QLD,2.25,2025-06-25 17:30:00
QLD,-11.56,2025-06-25 18:00:00
QLD,1.27,2025-06-25 18:30:00
QLD,10.86,2025-06-25 19:00:00
QLD,17.5,2025-06-25 19:30:00
QLD,36.24,2025-06-25 20:00:00
QLD,45.77,2025-06-25 20:30:00
QLD,56.87,2025-06-25 21:00:00
QLD,66.43,2025-06-25 21:30:00
QLD,71.54,2025-06-25 22:00:00
QLD,44.78,2025-06-25 22:30:00
QLD,46.04,2025-06-25 23:00:00
QLD,37.7,2025-06-25 23:30:00
QLD,18.5,2025-06-26 00:00:00
QLD,43.73,2025-06-26 00:30:00
QLD,69.66,2025-06-26 01:00:00
QLD,90.05,2025-06-26 01:30:00
QLD,93.88,2025-06-26 02:00:00
QLD,114.14,2025-06-26 02:30:00
QLD,114.32,2025-06-26 03:00:00
QLD,117.36,2025-06-26 03:30:00
QLD,100.96,2025-06-26 04:00:00
QLD,106.91,2025-06-26 04:30:00
QLD,107.82,2025-06-26 05:00:00
QLD,88.28,2025-06-26 05:30:00
QLD,87.51,2025-06-26 06:00:00
QLD,86.31,2025-06-26 06:30:00
QLD,113.28,2025-06-26 07:00:00
QLD,126.69,2025-06-26 07:30:00
QLD,126.86,2025-06-26 08:00:00
QLD,130.59,2025-06-26 08:30:00
QLD,131.26,2025-06-26 09:00:00
QLD,128.21,2025-06-26 09:30:00
QLD,111.98,2025-06-26 10:00:00
QLD,109.71,2025-06-26 10:30:00
QLD,98.52,2025-06-26 11:00:00
QLD,79.77,2025-06-26 11:30:00
QLD,87.43,2025-06-26 12:00:00
QLD,93.3,2025-06-26 12:30:00
QLD,66.5,2025-06-26 13:00:00
QLD,64.66,2025-06-26 13:30:00
QLD,79.6,2025-06-26 14:00:00
QLD,95.49,2025-06-26 14:30:00
QLD,110.87,2025-06-26 15:00:00
QLD,111.46,2025-06-26 15:30:00
QLD,98.78,2025-06-26 16:00:00
QLD,82.53,2025-06-26 16:30:00
QLD,87.69,2025-06-26 17:00:00
QLD,93.38,2025-06-26 17:30:00
QLD,112.69,2025-06-26 18:00:00
QLD,129.19,2025-06-26 18:30:00
QLD,127.21,2025-06-26 19:00:00
QLD,108.55,2025-06-26 19:30:00
QLD,103.76,2025-06-26 20:00:00
QLD,107.02,2025-06-26 20:30:00
QLD,103.99,2025-06-26 21:00:00
QLD,95.32,2025-06-26 21:30:00
QLD,99.11,2025-06-26 22:00:00
QLD,91.55,2025-06-26 22:30:00
QLD,82.13,2025-06-26 23:00:00
QLD,86.8,2025-06-26 23:30:00
QLD,80.77,2025-06-27 00:00:00
QLD,84.44,2025-06-27 00:30:00
QLD,88.53,2025-06-27 01:00:00
QLD,71.44,2025-06-27 01:30:00
QLD,64.22,2025-06-27 02:00:00
QLD,85.79,2025-06-27 02:30:00
QLD,68.36,2025-06-27 03:00:00
QLD,36.61,2025-06-27 03:30:00
QLD,8.68,2025-06-27 04:00:00
QLD,9.12,2025-06-27 04:30:00
QLD,9.58,2025-06-27 05:00:00
QLD,7.82,2025-06-27 05:30:00
QLD,26.03,2025-06-27 06:00:00
QLD,-14.06,2025-06-27 06:30:00
QLD,-8.12,2025-06-27 07:00:00
QLD,15.3,2025-06-27 07:30:00
QLD,-1.62,2025-06-27 08:00:00
QLD,-7.31,2025-06-27 08:30:00
QLD,-18.61,2025-06-27 09:00:00
QLD,-32.02,2025-06-27 09:30:00
QLD,-36.92,2025-06-27 10:00:00
QLD,-15.5,2025-06-27 10:30:00
QLD,12.06,2025-06-27 11:00:00
QLD,7.02,2025-06-27 11:30:00
QLD,35.59,2025-06-27 12:00:00
QLD,36.13,2025-06-27 12:30:00
QLD,62.43,2025-06-27 13:00:00
QLD,61.03,2025-06-27 13:30:00
QLD,63.0,2025-06-27 14:00:00
QLD,68.48,2025-06-27 14:30:00
QLD,116.16,2025-06-27 15:00:00
QLD,128.93,2025-06-27 15:30:00
QLD,118.32,2025-06-27 16:00:00
QLD,132.86,2025-06-27 16:30:00
QLD,127.43,2025-06-27 17:00:00
QLD,120.08,2025-06-27 17:30:00
QLD,133.71,2025-06-27 18:00:00
QLD,134.18,2025-06-27 18:30:00
QLD,138.36,2025-06-27 19:00:00
QLD,138.57,2025-06-27 19:30:00
QLD,143.62,2025-06-27 20:00:00
QLD,149.99,2025-06-27 20:30:00
QLD,120.94,2025-06-27 21:00:00
QLD,130.94,2025-06-27 21:30:00
QLD,116.21,2025-06-27 22:00:00
QLD,94.57,2025-06-27 22:30:00
QLD,93.69,2025-06-27 23:00:00
QLD,94.95,2025-06-27 23:30:00
QLD,84.55,2025-06-28 00:00:00
QLD,97.02,2025-06-28 00:30:00
QLD,76.88,2025-06-28 01:00:00
QLD,70.78,2025-06-28 01:30:00
QLD,62.01,2025-06-28 02:00:00
QLD,61.31,2025-06-28 02:30:00
QLD,65.49,2025-06-28 03:00:00
QLD,50.37,2025-06-28 03:30:00
QLD,61.24,2025-06-28 04:00:00
QLD,62.18,2025-06-28 04:30:00
QLD,33.8,2025-06-28 05:00:00
QLD,4.42,2025-06-28 05:30:00
QLD,4.24,2025-06-28 06:00:00
QLD,0.92,2025-06-28 06:30:00
QLD,-0.63,2025-06-28 07:00:00
QLD,-1.05,2025-06-28 07:30:00
QLD,2.34,2025-06-28 08:00:00
QLD,16.55,2025-06-28 08:30:00
QLD,-0.11,2025-06-28 09:00:00
QLD,-17.69,2025-06-28 09:30:00
QLD,-34.09,2025-06-28 10:00:00
QLD,-29.76,2025-06-28 10:30:00
QLD,-11.09,2025-06-28 11:00:00
QLD,-17.56,2025-06-28 11:30:00
QLD,-55.08,2025-06-28 12:00:00
QLD,-80.64,2025-06-28 12:30:00
QLD,-93.14,2025-06-28 13:00:00
QLD,-101.5,2025-06-28 13:30:00
QLD,-107.63,2025-06-28 14:00:00
QLD,-107.05,2025-06-28 14:30:00
QLD,-111.73,2025-06-28 15:00:00
QLD,-95.99,2025-06-28 15:30:00
QLD,-106.13,2025-06-28 16:00:00
QLD,-119.06,2025-06-28 16:30:00
QLD,-111.88,2025-06-28 17:00:00
QLD,-134.91,2025-06-28 17:30:00
QLD,-129.07,2025-06-28 18:00:00
QLD,-127.53,2025-06-28 18:30:00
QLD,-129.74,2025-06-28 19:00:00
QLD,-105.92,2025-06-28 19:30:00
QLD,-115.25,2025-06-28 20:00:00
QLD,-84.35,2025-06-28 20:30:00
QLD,-87.73,2025-06-28 21:00:00
QLD,-106.88,2025-06-28 21:30:00
QLD,-105.83,2025-06-28 22:00:00
QLD,-121.98,2025-06-28 22:30:00
QLD,-133.25,2025-06-28 23:00:00
QLD,-127.3,2025-06-28 23:30:00
QLD,-118.96,2025-06-29 00:00:00
QLD,-128.3,2025-06-29 00:30:00
QLD,-113.49,2025-06-29 01:00:00
QLD,-96.12,2025-06-29 01:30:00
QLD,-74.58,2025-06-29 02:00:00
QLD,-66.64,2025-06-29 02:30:00
QLD,-46.19,2025-06-29 03:00:00
QLD,-74.4,2025-06-29 03:30:00
QLD,-79.17,2025-06-29 04:00:00
QLD,-92.17,2025-06-29 04:30:00
QLD,-90.38,2025-06-29 05:00:00
QLD,-98.95,2025-06-29 05:30:00
QLD,-101.45,2025-06-29 06:00:00
QLD,-73.21,2025-06-29 06:30:00
QLD,-75.76,2025-06-29 07:00:00
QLD,-69.55,2025-06-29 07:30:00
QLD,-73.04,2025-06-29 08:00:00
QLD,-71.9,2025-06-29 08:30:00
QLD,-71.81,2025-06-29 09:00:00
QLD,-65.09,2025-06-29 09:30:00
QLD,-47.61,2025-06-29 10:00:00
QLD,-22.9,2025-06-29 10:30:00
QLD,-18.25,2025-06-29 11:00:00
QLD,-9.41,2025-06-29 11:30:00
QLD,-26.67,2025-06-29 12:00:00
QLD,-27.99,2025-06-29 12:30:00
QLD,-13.89,2025-06-29 13:00:00
QLD,-0.9,2025-06-29 13:30:00
QLD,2.28,2025-06-29 14:00:00
QLD,15.57,2025-06-29 14:30:00
QLD,22.94,2025-06-29 15:00:00
QLD,40.94,2025-06-29 15:30:00
QLD,45.28,2025-06-29 16:00:00
QLD,39.95,2025-06-29 16:30:00
QLD,44.98,2025-06-29 17:00:00
QLD,1.02,2025-06-29 17:30:00
QLD,6.77,2025-06-29 18:00:00
QLD,-47.96,2025-06-29 18:30:00
QLD,-73.81,2025-06-29 19:00:00
QLD,-67.03,2025-06-29 19:30:00
QLD,-59.87,2025-06-29 20:00:00
QLD,-77.31,2025-06-29 20:30:00
QLD,-87.99,2025-06-29 21:00:00
QLD,-67.43,2025-06-29 21:30:00
QLD,-74.69,2025-06-29 22:00:00
QLD,-41.05,2025-06-29 22:30:00
QLD,-41.08,2025-06-29 23:00:00
QLD,-34.96,2025-06-29 23:30:00
QLD,-10.7,2025-06-30 00:00:00
QLD,-8.74,2025-06-30 00:30:00
QLD,-23.77,2025-06-30 01:00:00
QLD,-25.42,2025-06-30 01:30:00
QLD,-25.95,2025-06-30 02:00:00
QLD,-46.42,2025-06-30 02:30:00
QLD,-50.26,2025-06-30 03:00:00
QLD,-61.39,2025-06-30 03:30:00
QLD,-47.53,2025-06-30 04:00:00
QLD,-47.01,2025-06-30 04:30:00
QLD,-51.25,2025-06-30 05:00:00
QLD,-52.84,2025-06-30 05:30:00
QLD,-49.5,2025-06-30 06:00:00
QLD,-40.25,2025-06-30 06:30:00
QLD,-55.24,2025-06-30 07:00:00
QLD,-70.86,2025-06-30 07:30:00
QLD,-54.29,2025-06-30 08:00:00
QLD,-60.48,2025-06-30 08:30:00
QLD,-81.73,2025-06-30 09:00:00
QLD,-75.08,2025-06-30 09:30:00
QLD,-68.12,2025-06-30 10:00:00
QLD,-91.09,2025-06-30 10:30:00
QLD,-87.64,2025-06-30 11:00:00
QLD,-76.61,2025-06-30 11:30:00
QLD,-70.99,2025-06-30 12:00:00
QLD,-61.51,2025-06-30 12:30:00
QLD,-82.58,2025-06-30 13:00:00
QLD,-77.61,2025-06-30 13:30:00
QLD,-82.15,2025-06-30 14:00:00
QLD,-89.39,2025-06-30 14:30:00
QLD,-76.34,2025-06-30 15:00:00
QLD,-54.15,2025-06-30 15:30:00
QLD,-27.23,2025-06-30 16:00:00
QLD,-7.51,2025-06-30 16:30:00
QLD,-9.15,2025-06-30 17:00:00
QLD,-3.86,2025-06-30 17:30:00
QLD,7.64,2025-06-30 18:00:00
QLD,9.46,2025-06-30 18:30:00
QLD,11.42,2025-06-30 19:00:00
QLD,23.77,2025-06-30 19:30:00
QLD,22.89,2025-06-30 20:00:00
QLD,11.95,2025-06-30 20:30:00
QLD,5.73,2025-06-30 21:00:00
QLD,15.24,2025-06-30 21:30:00
QLD,15.28,2025-06-30 22:00:00
QLD,20.39,2025-06-30 22:30:00
QLD,30.44,2025-06-30 23:00:00
QLD,24.81,2025-06-30 23:30:00
SA,76.05,2025-06-24 00:00:00
SA,79.08,2025-06-24 00:30:00
SA,69.2,2025-06-24 01:00:00
SA,80.74,2025-06-24 01:30:00
SA,76.73,2025-06-24 02:00:00
SA,63.49,2025-06-24 02:30:00
SA,55.13,2025-06-24 03:00:00
SA,46.97,2025-06-24 03:30:00
SA,47.38,2025-06-24 04:00:00
SA,45.19,2025-06-24 04:30:00
SA,42.5,2025-06-24 05:00:00
SA,47.45,2025-06-24 05:30:00
SA,50.17,2025-06-24 06:00:00
SA,52.7,2025-06-24 06:30:00
SA,55.98,2025-06-24 07:00:00
SA,60.91,2025-06-24 07:30:00
SA,44.05,2025-06-24 08:00:00
SA,41.13,2025-06-24 08:30:00
SA,23.69,2025-06-24 09:00:00
SA,23.98,2025-06-24 09:30:00
SA,23.94,2025-06-24 10:00:00
SA,32.3,2025-06-24 10:30:00
SA,41.81,2025-06-24 11:00:00
SA,43.43,2025-06-24 11:30:00
SA,39.43,2025-06-24 12:00:00
SA,43.31,2025-06-24 12:30:00
SA,39.08,2025-06-24 13:00:00
SA,39.07,2025-06-24 13:30:00
SA,46.96,2025-06-24 14:00:00
SA,42.5,2025-06-24 14:30:00
SA,48.94,2025-06-24 15:00:00
SA,54.36,2025-06-24 15:30:00
SA,46.73,2025-06-24 16:00:00
SA,54.52,2025-06-24 16:30:00
SA,60.1,2025-06-24 17:00:00
SA,60.92,2025-06-24 17:30:00
SA,54.82,2025-06-24 18:00:00
SA,47.95,2025-06-24 18:30:00
SA,43.65,2025-06-24 19:00:00
SA,47.99,2025-06-24 19:30:00
SA,40.34,2025-06-24 20:00:00
SA,43.84,2025-06-24 20:30:00
SA,33.91,2025-06-24 21:00:00
SA,32.28,2025-06-24 21:30:00
SA,33.15,2025-06-24 22:00:00
SA,52.71,2025-06-24 22:30:00
SA,41.7,2025-06-24 23:00:00
SA,53.47,2025-06-24 23:30:00
SA,54.67,2025-06-25 00:00:00
SA,57.96,2025-06-25 00:30:00
SA,58.91,2025-06-25 01:00:00
SA,62.46,2025-06-25 01:30:00
SA,61.24,2025-06-25 02:00:00
SA,72.87,2025-06-25 02:30:00
SA,69.22,2025-06-25 03:00:00
SA,78.27,2025-06-25 03:30:00
SA,73.12,2025-06-25 04:00:00
SA,72.64,2025-06-25 04:30:00
SA,64.06,2025-06-25 05:00:00
SA,67.7,2025-06-25 05:30:00
SA,79.26,2025-06-25 06:00:00
SA,78.64,2025-06-25 06:30:00
SA,77.07,2025-06-25 07:00:00
SA,68.15,2025-06-25 07:30:00
SA,66.32,2025-06-25 08:00:00
SA,53.57,2025-06-25 08:30:00
SA,46.27,2025-06-25 09:00:00
SA,48.09,2025-06-25 09:30:00
SA,58.64,2025-06-25 10:00:00
SA,81.11,2025-06-25 10:30:00
SA,76.42,2025-06-25 11:00:00
SA,87.9,2025-06-25 11:30:00
SA,89.85,2025-06-25 12:00:00
SA,88.64,2025-06-25 12:30:00
SA,92.1,2025-06-25 13:00:00
SA,92.6,2025-06-25 13:30:00
SA,93.48,2025-06-25 14:00:00
SA,90.21,2025-06-25 14:30:00
SA,79.03,2025-06-25 15:00:00
SA,66.68,2025-06-25 15:30:00
SA,71.91,2025-06-25 16:00:00
SA,69.69,2025-06-25 16:30:00
SA,64.92,2025-06-25 17:00:00
SA,64.99,2025-06-25 17:30:00
SA,71.35,2025-06-25 18:00:00
SA,72.79,2025-06-25 18:30:00
SA,67.55,2025-06-25 19:00:00
SA,77.36,2025-06-25 19:30:00
SA,89.99,2025-06-25 20:00:00
SA,93.95,2025-06-25 20:30:00
SA,101.74,2025-06-25 21:00:00
SA,111.67,2025-06-25 21:30:00
SA,120.71,2025-06-25 22:00:00
SA,125.62,2025-06-25 22:30:00
SA,130.41,2025-06-25 23:00:00
SA,134.57,2025-06-25 23:30:00
SA,125.79,2025-06-26 00:00:00
SA,131.4,2025-06-26 00:30:00
SA,120.55,2025-06-26 01:00:00
SA,114.19,2025-06-26 01:30:00
SA,124.62,2025-06-26 02:00:00
SA,131.34,2025-06-26 02:30:00
SA,143.24,2025-06-26 03:00:00
SA,141.07,2025-06-26 03:30:00
SA,131.85,2025-06-26 04:00:00
SA,129.93,2025-06-26 04:30:00
SA,130.74,2025-06-26 05:00:00
SA,131.38,2025-06-26 05:30:00
SA,140.44,2025-06-26 06:00:00
SA,137.55,2025-06-26 06:30:00
SA,140.37,2025-06-26 07:00:00
SA,132.46,2025-06-26 07:30:00
SA,136.06,2025-06-26 08:00:00
SA,136.09,2025-06-26 08:30:00
SA,130.09,2025-06-26 09:00:00
SA,128.2,2025-06-26 09:30:00
SA,126.73,2025-06-26 10:00:00
SA,124.57,2025-06-26 10:30:00
SA,138.74,2025-06-26 11:00:00
SA,137.95,2025-06-26 11:30:00
SA,136.0,2025-06-26 12:00:00
SA,119.22,2025-06-26 12:30:00
SA,112.07,2025-06-26 13:00:00
SA,109.96,2025-06-26 13:30:00
SA,104.48,2025-06-26 14:00:00
SA,115.53,2025-06-26 14:30:00
SA,114.21,2025-06-26 15:00:00
SA,124.52,2025-06-26 15:30:00
SA,125.01,2025-06-26 16:00:00
SA,125.31,2025-06-26 16:30:00
SA,124.6,2025-06-26 17:00:00
SA,124.63,2025-06-26 17:30:00
SA,138.38,2025-06-26 18:00:00
SA,119.82,2025-06-26 18:30:00
SA,103.81,2025-06-26 19:00:00
SA,99.47,2025-06-26 19:30:00
SA,99.58,2025-06-26 20:00:00
SA,105.1,2025-06-26 20:30:00
SA,108.89,2025-06-26 21:00:00
SA,105.81,2025-06-26 21:30:00
SA,113.97,2025-06-26 22:00:00
SA,122.21,2025-06-26 22:30:00
SA,123.68,2025-06-26 23:00:00
SA,131.38,2025-06-26 23:30:00
SA,133.56,2025-06-27 00:00:00
SA,129.07,2025-06-27 00:30:00
SA,134.65,2025-06-27 01:00:00
SA,135.54,2025-06-27 01:30:00
SA,135.55,2025-06-27 02:00:00
SA,147.33,2025-06-27 02:30:00
SA,127.72,2025-06-27 03:00:00
SA,116.38,2025-06-27 03:30:00
SA,106.89,2025-06-27 04:00:00
SA,103.98,2025-06-27 04:30:00
SA,101.94,2025-06-27 05:00:00
SA,89.89,2025-06-27 05:30:00
SA,82.0,2025-06-27 06:00:00
SA,75.12,2025-06-27 06:30:00
SA,94.78,2025-06-27 07:00:00
SA,109.19,2025-06-27 07:30:00
SA,105.9,2025-06-27 08:00:00
SA,102.99,2025-06-27 08:30:00
SA,93.79,2025-06-27 09:00:00
SA,78.53,2025-06-27 09:30:00
SA,77.59,2025-06-27 10:00:00
SA,69.61,2025-06-27 10:30:00
SA,68.93,2025-06-27 11:00:00
SA,56.13,2025-06-27 11:30:00
SA,50.04,2025-06-27 12:00:00
SA,51.22,2025-06-27 12:30:00
SA,54.15,2025-06-27 13:00:00
SA,57.49,2025-06-27 13:30:00
SA,46.93,2025-06-27 14:00:00
SA,53.77,2025-06-27 14:30:00
SA,47.37,2025-06-27 15:00:00
SA,52.43,2025-06-27 15:30:00
SA,52.34,2025-06-27 16:00:00
SA,41.33,2025-06-27 16:30:00
SA,38.8,2025-06-27 17:00:00
SA,41.73,2025-06-27 17:30:00
SA,46.63,2025-06-27 18:00:00
SA,45.5,2025-06-27 18:30:00
SA,57.76,2025-06-27 19:00:00
SA,65.82,2025-06-27 19:30:00
SA,63.76,2025-06-27 20:00:00
SA,69.76,2025-06-27 20:30:00
SA,85.23,2025-06-27 21:00:00
SA,100.92,2025-06-27 21:30:00
SA,91.09,2025-06-27 22:00:00
SA,83.68,2025-06-27 22:30:00
SA,95.56,2025-06-27 23:00:00
SA,87.09,2025-06-27 23:30:00
SA,76.51,2025-06-28 00:00:00
SA,72.62,2025-06-28 00:30:00
SA,75.99,2025-06-28 01:00:00
SA,75.17,2025-06-28 01:30:00
SA,69.96,2025-06-28 02:00:00
SA,64.57,2025-06-28 02:30:00
SA,58.87,2025-06-28 03:00:00
SA,51.83,2025-06-28 03:30:00
SA,70.09,2025-06-28 04:00:00
SA,72.47,2025-06-28 04:30:00
SA,79.56,2025-06-28 05:00:00
SA,75.65,2025-06-28 05:30:00
SA,74.16,2025-06-28 06:00:00
SA,68.45,2025-06-28 06:30:00
SA,47.24,2025-06-28 07:00:00
SA,36.22,2025-06-28 07:30:00
SA,21.73,2025-06-28 08:00:00
SA,3.73,2025-06-28 08:30:00
SA,-5.83,2025-06-28 09:00:00
SA,4.77,2025-06-28 09:30:00
SA,4.41,2025-06-28 10:00:00
SA,14.74,2025-06-28 10:30:00
SA,18.03,2025-06-28 11:00:00
SA,24.29,2025-06-28 11:30:00
SA,17.08,2025-06-28 12:00:00
SA,21.27,2025-06-28 12:30:00
SA,27.1,2025-06-28 13:00:00
SA,22.49,2025-06-28 13:30:00
SA,26.96,2025-06-28 14:00:00
SA,31.49,2025-06-28 14:30:00
SA,27.1,2025-06-28 15:00:00
SA,18.11,2025-06-28 15:30:00
SA,8.64,2025-06-28 16:00:00
SA,9.33,2025-06-28 16:30:00
SA,11.95,2025-06-28 17:00:00
SA,5.61,2025-06-28 17:30:00
SA,5.82,2025-06-28 18:00:00
SA,10.39,2025-06-28 18:30:00
SA,15.33,2025-06-28 19:00:00
SA,27.75,2025-06-28 19:30:00
SA,37.96,2025-06-28 20:00:00
SA,29.95,2025-06-28 20:30:00
SA,43.42,2025-06-28 21:00:00
SA,39.17,2025-06-28 21:30:00
SA,47.53,2025-06-28 22:00:00
SA,48.08,2025-06-28 22:30:00
SA,44.78,2025-06-28 23:00:00
SA,30.32,2025-06-28 23:30:00
SA,28.94,2025-06-29 00:00:00
SA,16.47,2025-06-29 00:30:00
SA,24.21,2025-06-29 01:00:00
SA,36.34,2025-06-29 01:30:00
SA,29.97,2025-06-29 02:00:00
SA,32.38,2025-06-29 02:30:00
SA,26.58,2025-06-29 03:00:00
SA,21.55,2025-06-29 03:30:00
SA,27.75,2025-06-29 04:00:00
SA,27.44,2025-06-29 04:30:00
SA,41.36,2025-06-29 05:00:00
SA,37.5,2025-06-29 05:30:00
SA,45.49,2025-06-29 06:00:00
SA,46.27,2025-06-29 06:30:00
SA,52.64,2025-06-29 07:00:00
SA,49.06,2025-06-29 07:30:00
SA,48.67,2025-06-29 08:00:00
SA,47.74,2025-06-29 08:30:00
SA,41.05,2025-06-29 09:00:00
SA,46.35,2025-06-29 09:30:00
SA,51.55,2025-06-29 10:00:00
SA,56.3,2025-06-29 10:30:00
SA,68.6,2025-06-29 11:00:00
SA,80.19,2025-06-29 11:30:00
SA,77.19,2025-06-29 12:00:00
SA,80.18,2025-06-29 12:30:00
SA,75.19,2025-06-29 13:00:00
SA,75.37,2025-06-29 13:30:00
SA,70.58,2025-06-29 14:00:00
SA,83.54,2025-06-29 14:30:00
SA,86.45,2025-06-29 15:00:00
SA,84.7,2025-06-29 15:30:00
SA,94.25,2025-06-29 16:00:00
SA,76.89,2025-06-29 16:30:00
SA,60.77,2025-06-29 17:00:00
SA,67.14,2025-06-29 17:30:00
SA,67.62,2025-06-29 18:00:00
SA,69.63,2025-06-29 18:30:00
SA,59.02,2025-06-29 19:00:00
SA,58.83,2025-06-29 19:30:00
SA,74.86,2025-06-29 20:00:00
SA,81.45,2025-06-29 20:30:00
SA,82.81,2025-06-29 21:00:00
SA,79.3,2025-06-29 21:30:00
SA,76.14,2025-06-29 22:00:00
SA,59.11,2025-06-29 22:30:00
SA,61.17,2025-06-29 23:00:00
SA,67.93,2025-06-29 23:30:00
SA,55.33,2025-06-30 00:00:00
SA,50.03,2025-06-30 00:30:00
SA,40.78,2025-06-30 01:00:00
SA,33.05,2025-06-30 01:30:00
SA,33.48,2025-06-30 02:00:00
SA,16.8,2025-06-30 02:30:00
SA,21.72,2025-06-30 03:00:00
SA,27.75,2025-06-30 03:30:00
SA,25.74,2025-06-30 04:00:00
SA,5.9,2025-06-30 04:30:00
SA,-2.08,2025-06-30 05:00:00
SA,7.79,2025-06-30 05:30:00
SA,-14.44,2025-06-30 06:00:00
SA,-17.22,2025-06-30 06:30:00
SA,-26.66,2025-06-30 07:00:00
SA,-20.22,2025-06-30 07:30:00
SA,-25.62,2025-06-30 08:00:00
SA,-22.39,2025-06-30 08:30:00
SA,-17.87,2025-06-30 09:00:00
SA,-3.18,2025-06-30 09:30:00
SA,-4.8,2025-06-30 10:00:00
SA,-1.79,2025-06-30 10:30:00
SA,-13.67,2025-06-30 11:00:00
SA,-4.15,2025-06-30 11:30:00
SA,-10.23,2025-06-30 12:00:00
SA,-14.72,2025-06-30 12:30:00
SA,-14.9,2025-06-30 13:00:00
SA,-27.4,2025-06-30 13:30:00
SA,-25.57,2025-06-30 14:00:00
SA,-17.83,2025-06-30 14:30:00
SA,-15.49,2025-06-30 15:00:00
SA,-28.2,2025-06-30 15:30:00
SA,-29.19,2025-06-30 16:00:00
SA,-23.25,2025-06-30 16:30:00
SA,-38.28,2025-06-30 17:00:00
SA,-46.87,2025-06-30 17:30:00
SA,-39.86,2025-06-30 18:00:00
SA,-37.7,2025-06-30 18:30:00
SA,-34.4,2025-06-30 19:00:00
SA,-19.53,2025-06-30 19:30:00
SA,-15.78,2025-06-30 20:00:00
SA,-10.52,2025-06-30 20:30:00
SA,11.17,2025-06-30 21:00:00
SA,9.46,2025-06-30 21:30:00
SA,3.08,2025-06-30 22:00:00
SA,6.5,2025-06-30 22:30:00
SA,10.01,2025-06-30 23:00:00
SA,5.8,2025-06-30 23:30:00
TAS,109.68,2025-06-24 00:00:00
TAS,132.77,2025-06-24 00:30:00
TAS,136.04,2025-06-24 01:00:00
TAS,128.72,2025-06-24 01:30:00
TAS,137.88,2025-06-24 02:00:00
TAS,136.79,2025-06-24 02:30:00
TAS,134.26,2025-06-24 03:00:00
TAS,139.88,2025-06-24 03:30:00
TAS,126.96,2025-06-24 04:00:00
TAS,130.49,2025-06-24 04:30:00
TAS,149.62,2025-06-24 05:00:00
TAS,154.28,2025-06-24 05:30:00
TAS,150.52,2025-06-24 06:00:00
TAS,145.45,2025-06-24 06:30:00
TAS,141.34,2025-06-24 07:00:00
TAS,138.8,2025-06-24 07:30:00
TAS,135.03,2025-06-24 08:00:00
TAS,144.19,2025-06-24 08:30:00
TAS,126.86,2025-06-24 09:00:00
TAS,135.48,2025-06-24 09:30:00
TAS,131.68,2025-06-24 10:00:00
TAS,135.45,2025-06-24 10:30:00
TAS,124.18,2025-06-24 11:00:00
TAS,137.47,2025-06-24 11:30:00
TAS,149.92,2025-06-24 12:00:00
TAS,159.52,2025-06-24 12:30:00
TAS,144.37,2025-06-24 13:00:00
TAS,152.66,2025-06-24 13:30:00
TAS,156.71,2025-06-24 14:00:00
TAS,140.66,2025-06-24 14:30:00
TAS,140.42,2025-06-24 15:00:00
TAS,144.06,2025-06-24 15:30:00
TAS,149.62,2025-06-24 16:00:00
TAS,151.39,2025-06-24 16:30:00
TAS,154.31,2025-06-24 17:00:00
TAS,169.04,2025-06-24 17:30:00
TAS,181.3,2025-06-24 18:00:00
TAS,152.63,2025-06-24 18:30:00
TAS,149.46,2025-06-24 19:00:00
TAS,147.81,2025-06-24 19:30:00
TAS,130.29,2025-06-24 20:00:00
TAS,131.23,2025-06-24 20:30:00
TAS,143.72,2025-06-24 21:00:00
TAS,132.85,2025-06-24 21:30:00
TAS,136.22,2025-06-24 22:00:00
TAS,127.06,2025-06-24 22:30:00
TAS,120.34,2025-06-24 23:00:00
TAS,135.11,2025-06-24 23:30:00
TAS,129.69,2025-06-25 00:00:00
TAS,134.31,2025-06-25 00:30:00
TAS,115.6,2025-06-25 01:00:00
TAS,134.22,2025-06-25 01:30:00
TAS,140.25,2025-06-25 02:00:00
TAS,138.42,2025-06-25 02:30:00
TAS,144.18,2025-06-25 03:00:00
TAS,130.08,2025-06-25 03:30:00
TAS,141.91,2025-06-25 04:00:00
TAS,138.67,2025-06-25 04:30:00
TAS,136.63,2025-06-25 05:00:00
TAS,131.71,2025-06-25 05:30:00
TAS,125.9,2025-06-25 06:00:00
TAS,132.85,2025-06-25 06:30:00
TAS,135.41,2025-06-25 07:00:00
TAS,141.93,2025-06-25 07:30:00
TAS,141.84,2025-06-25 08:00:00
TAS,146.97,2025-06-25 08:30:00
TAS,142.78,2025-06-25 09:00:00
TAS,165.08,2025-06-25 09:30:00
TAS,149.4,2025-06-25 10:00:00
TAS,162.01,2025-06-25 10:30:00
TAS,175.69,2025-06-25 11:00:00
TAS,167.17,2025-06-25 11:30:00
TAS,189.46,2025-06-25 12:00:00
TAS,199.41,2025-06-25 12:30:00
TAS,209.13,2025-06-25 13:00:00
TAS,209.41,2025-06-25 13:30:00
TAS,207.23,2025-06-25 14:00:00
TAS,205.14,2025-06-25 14:30:00
TAS,209.04,2025-06-25 15:00:00
TAS,223.06,2025-06-25 15:30:00
TAS,224.87,2025-06-25 16:00:00
TAS,215.76,2025-06-25 16:30:00
TAS,224.0,2025-06-25 17:00:00
TAS,233.21,2025-06-25 17:30:00
TAS,239.76,2025-06-25 18:00:00
TAS,247.21,2025-06-25 18:30:00
TAS,244.5,2025-06-25 19:00:00
TAS,235.21,2025-06-25 19:30:00
TAS,226.53,2025-06-25 20:00:00
TAS,210.18,2025-06-25 20:30:00
TAS,212.55,2025-06-25 21:00:00
TAS,211.71,2025-06-25 21:30:00
TAS,207.31,2025-06-25 22:00:00
TAS,177.76,2025-06-25 22:30:00
TAS,165.28,2025-06-25 23:00:00
TAS,176.49,2025-06-25 23:30:00
TAS,169.84,2025-06-26 00:00:00
TAS,173.45,2025-06-26 00:30:00
TAS,159.54,2025-06-26 01:00:00
TAS,173.93,2025-06-26 01:30:00
TAS,172.49,2025-06-26 02:00:00
TAS,175.39,2025-06-26 02:30:00
TAS,198.65,2025-06-26 03:00:00
TAS,213.81,2025-06-26 03:30:00
TAS,210.75,2025-06-26 04:00:00
TAS,204.82,2025-06-26 04:30:00
TAS,201.56,2025-06-26 05:00:00
TAS,206.66,2025-06-26 05:30:00
TAS,205.61,2025-06-26 06:00:00
TAS,201.65,2025-06-26 06:30:00
TAS,216.33,2025-06-26 07:00:00
TAS,215.18,2025-06-26 07:30:00
TAS,238.18,2025-06-26 08:00:00
TAS,239.09,2025-06-26 08:30:00
TAS,256.94,2025-06-26 09:00:00
TAS,260.51,2025-06-26 09:30:00
TAS,270.14,2025-06-26 10:00:00
TAS,262.9,2025-06-26 10:30:00
TAS,254.36,2025-06-26 11:00:00
TAS,258.96,2025-06-26 11:30:00
TAS,268.84,2025-06-26 12:00:00
TAS,269.24,2025-06-26 12:30:00
TAS,256.38,2025-06-26 13:00:00
TAS,242.78,2025-06-26 13:30:00
TAS,228.51,2025-06-26 14:00:00
TAS,210.83,2025-06-26 14:30:00
TAS,211.93,2025-06-26 15:00:00
TAS,223.18,2025-06-26 15:30:00
TAS,223.04,2025-06-26 16:00:00
TAS,200.44,2025-06-26 16:30:00
TAS,198.53,2025-06-26 17:00:00
TAS,196.9,2025-06-26 17:30:00
TAS,217.86,2025-06-26 18:00:00
TAS,203.29,2025-06-26 18:30:00
TAS,199.38,2025-06-26 19:00:00
TAS,216.44,2025-06-26 19:30:00
TAS,220.94,2025-06-26 20:00:00
TAS,226.58,2025-06-26 20:30:00
TAS,227.72,2025-06-26 21:00:00
TAS,231.02,2025-06-26 21:30:00
TAS,238.8,2025-06-26 22:00:00
TAS,230.7,2025-06-26 22:30:00
TAS,239.48,2025-06-26 23:00:00
TAS,225.75,2025-06-26 23:30:00
TAS,229.04,2025-06-27 00:00:00
TAS,230.82,2025-06-27 00:30:00
TAS,224.66,2025-06-27 01:00:00
TAS,224.43,2025-06-27 01:30:00
TAS,218.21,2025-06-27 02:00:00
TAS,207.49,2025-06-27 02:30:00
TAS,203.95,2025-06-27 03:00:00
TAS,192.91,2025-06-27 03:30:00
TAS,196.14,2025-06-27 04:00:00
TAS,184.64,2025-06-27 04:30:00
TAS,191.76,2025-06-27 05:00:00
TAS,179.95,2025-06-27 05:30:00
TAS,174.28,2025-06-27 06:00:00
TAS,168.04,2025-06-27 06:30:00
TAS,181.29,2025-06-27 07:00:00
TAS,184.59,2025-06-27 07:30:00
TAS,182.48,2025-06-27 08:00:00
TAS,187.46,2025-06-27 08:30:00
TAS,166.39,2025-06-27 09:00:00
TAS,165.96,2025-06-27 09:30:00
TAS,185.93,2025-06-27 10:00:00
TAS,187.26,2025-06-27 10:30:00
TAS,187.94,2025-06-27 11:00:00
TAS,193.42,2025-06-27 11:30:00
TAS,202.37,2025-06-27 12:00:00
TAS,182.4,2025-06-27 12:30:00
TAS,165.58,2025-06-27 13:00:00
TAS,167.68,2025-06-27 13:30:00
TAS,160.53,2025-06-27 14:00:00
TAS,173.65,2025-06-27 14:30:00
TAS,170.5,2025-06-27 15:00:00
TAS,151.15,2025-06-27 15:30:00
TAS,138.47,2025-06-27 16:00:00
TAS,110.98,2025-06-27 16:30:00
TAS,108.64,2025-06-27 17:00:00
TAS,106.75,2025-06-27 17:30:00
TAS,102.51,2025-06-27 18:00:00
TAS,113.3,2025-06-27 18:30:00
TAS,125.28,2025-06-27 19:00:00
TAS,123.58,2025-06-27 19:30:00
TAS,102.23,2025-06-27 20:00:00
TAS,108.4,2025-06-27 20:30:00
TAS,113.96,2025-06-27 21:00:00
TAS,117.05,2025-06-27 21:30:00
TAS,126.87,2025-06-27 22:00:00
TAS,115.22,2025-06-27 22:30:00
TAS,135.3,2025-06-27 23:00:00
TAS,125.71,2025-06-27 23:30:00
TAS,133.2,2025-06-28 00:00:00
TAS,116.33,2025-06-28 00:30:00
TAS,107.03,2025-06-28 01:00:00
TAS,122.19,2025-06-28 01:30:00
TAS,119.58,2025-06-28 02:00:00
TAS,127.98,2025-06-28 02:30:00
TAS,130.35,2025-06-28 03:00:00
TAS,129.3,2025-06-28 03:30:00
TAS,142.94,2025-06-28 04:00:00
TAS,140.57,2025-06-28 04:30:00
TAS,122.76,2025-06-28 05:00:00
TAS,114.73,2025-06-28 05:30:00
TAS,120.24,2025-06-28 06:00:00
TAS,124.2,2025-06-28 06:30:00
TAS,108.53,2025-06-28 07:00:00
TAS,101.29,2025-06-28 07:30:00
TAS,95.47,2025-06-28 08:00:00
TAS,91.81,2025-06-28 08:30:00
TAS,78.05,2025-06-28 09:00:00
TAS,71.77,2025-06-28 09:30:00
TAS,64.48,2025-06-28 10:00:00
TAS,72.2,2025-06-28 10:30:00
TAS,80.29,2025-06-28 11:00:00
TAS,78.83,2025-06-28 11:30:00
TAS,74.91,2025-06-28 12:00:00
TAS,76.31,2025-06-28 12:30:00
TAS,68.15,2025-06-28 13:00:00
TAS,56.68,2025-06-28 13:30:00
TAS,47.28,2025-06-28 14:00:00
TAS,40.93,2025-06-28 14:30:00
TAS,29.29,2025-06-28 15:00:00
TAS,30.91,2025-06-28 15:30:00
TAS,38.21,2025-06-28 16:00:00
TAS,22.34,2025-06-28 16:30:00
TAS,22.59,2025-06-28 17:00:00
TAS,20.39,2025-06-28 17:30:00
TAS,23.81,2025-06-28 18:00:00
TAS,23.68,2025-06-28 18:30:00
TAS,9.14,2025-06-28 19:00:00
TAS,-3.48,2025-06-28 19:30:00
TAS,-3.19,2025-06-28 20:00:00
TAS,7.1,2025-06-28 20:30:00
TAS,-15.04,2025-06-28 21:00:00
TAS,-11.59,2025-06-28 21:30:00
TAS,0.31,2025-06-28 22:00:00
TAS,-1.22,2025-06-28 22:30:00
TAS,4.28,2025-06-28 23:00:00
TAS,-2.75,2025-06-28 23:30:00
TAS,-3.94,2025-06-29 00:00:00
TAS,-20.15,2025-06-29 00:30:00
TAS,-43.59,2025-06-29 01:00:00
TAS,-34.17,2025-06-29 01:30:00
TAS,-44.02,2025-06-29 02:00:00
TAS,-48.57,2025-06-29 02:30:00
TAS,-62.44,2025-06-29 03:00:00
TAS,-76.54,2025-06-29 03:30:00
TAS,-78.27,2025-06-29 04:00:00
TAS,-85.57,2025-06-29 04:30:00
TAS,-81.79,2025-06-29 05:00:00
TAS,-77.27,2025-06-29 05:30:00
TAS,-74.06,2025-06-29 06:00:00
TAS,-71.67,2025-06-29 06:30:00
TAS,-55.89,2025-06-29 07:00:00
TAS,-66.57,2025-06-29 07:30:00
TAS,-67.12,2025-06-29 08:00:00
TAS,-55.79,2025-06-29 08:30:00
TAS,-43.15,2025-06-29 09:00:00
TAS,-57.36,2025-06-29 09:30:00
TAS,-60.49,2025-06-29 10:00:00
TAS,-46.91,2025-06-29 10:30:00
TAS,-41.83,2025-06-29 11:00:00
TAS,-39.87,2025-06-29 11:30:00
TAS,-42.05,2025-06-29 12:00:00
TAS,-45.89,2025-06-29 12:30:00
TAS,-43.01,2025-06-29 13:00:00
TAS,-45.53,2025-06-29 13:30:00
TAS,-45.95,2025-06-29 14:00:00
TAS,-45.17,2025-06-29 14:30:00
TAS,-51.95,2025-06-29 15:00:00
TAS,-46.63,2025-06-29 15:30:00
TAS,-17.49,2025-06-29 16:00:00
TAS,-35.26,2025-06-29 16:30:00
TAS,-32.02,2025-06-29 17:00:00
TAS,-39.62,2025-06-29 17:30:00
TAS,-33.84,2025-06-29 18:00:00
TAS,-33.38,2025-06-29 18:30:00
TAS,-25.76,2025-06-29 19:00:00
TAS,-14.0,2025-06-29 19:30:00
TAS,-12.08,2025-06-29 20:00:00
TAS,-0.76,2025-06-29 20:30:00
TAS,-24.2,2025-06-29 21:00:00
TAS,-8.3,2025-06-29 21:30:00
TAS,-4.55,2025-06-29 22:00:00
TAS,6.23,2025-06-29 22:30:00
TAS,-5.97,2025-06-29 23:00:00
TAS,-14.28,2025-06-29 23:30:00
TAS,-12.82,2025-06-30 00:00:00
TAS,-12.99,2025-06-30 00:30:00
TAS,-10.16,2025-06-30 01:00:00
TAS,0.69,2025-06-30 01:30:00
TAS,-16.96,2025-06-30 02:00:00
TAS,-7.22,2025-06-30 02:30:00
TAS,-7.14,2025-06-30 03:00:00
TAS,-9.18,2025-06-30 03:30:00
TAS,-23.89,2025-06-30 04:00:00
TAS,-18.86,2025-06-30 04:30:00
TAS,-43.0,2025-06-30 05:00:00
TAS,-36.52,2025-06-30 05:30:00
TAS,-51.44,2025-06-30 06:00:00
TAS,-50.9,2025-06-30 06:30:00
TAS,-52.1,2025-06-30 07:00:00
TAS,-40.4,2025-06-30 07:30:00
TAS,-42.19,2025-06-30 08:00:00
TAS,-49.13,2025-06-30 08:30:00
TAS,-54.19,2025-06-30 09:00:00
TAS,-41.47,2025-06-30 09:30:00
TAS,-36.1,2025-06-30 10:00:00
TAS,-39.96,2025-06-30 10:30:00
TAS,-42.32,2025-06-30 11:00:00
TAS,-57.99,2025-06-30 11:30:00
TAS,-54.11,2025-06-30 12:00:00
TAS,-71.71,2025-06-30 12:30:00
TAS,-64.19,2025-06-30 13:00:00
TAS,-62.9,2025-06-30 13:30:00
TAS,-39.03,2025-06-30 14:00:00
TAS,-50.04,2025-06-30 14:30:00
TAS,-51.06,2025-06-30 15:00:00
TAS,-33.08,2025-06-30 15:30:00
TAS,-21.17,2025-06-30 16:00:00
TAS,-28.13,2025-06-30 16:30:00
TAS,-25.89,2025-06-30 17:00:00
TAS,-25.87,2025-06-30 17:30:00
TAS,-23.05,2025-06-30 18:00:00
TAS,-30.04,2025-06-30 18:30:00
TAS,-30.93,2025-06-30 19:00:00
TAS,-46.91,2025-06-30 19:30:00
TAS,-45.56,2025-06-30 20:00:00
TAS,-41.06,2025-06-30 20:30:00
TAS,-43.33,2025-06-30 21:00:00
TAS,-59.48,2025-06-30 21:30:00
TAS,-49.6,2025-06-30 22:00:00
TAS,-45.95,2025-06-30 22:30:00
TAS,-53.21,2025-06-30 23:00:00
TAS,-56.02,2025-06-30 23:30:00
